Mobile Number,Name,Date of Birth,Father Name,Gender,PAN Number
1234567890,Ram Thapa,1990-01-01,Ram Bahadur Thapa,Male,ABCDE1234F
2345678901,Sita Shrestha,1991-02-02,Hari Prasad Shrestha,Female,FGHIJ5678K
3456789012,Hari Gurung,1992-03-03,Gopal Krishna Gurung,Male,LMNOP9012L
4567890123,Gita Tamang,1993-04-04,Shyam Lal Tamang,Female,QRSTU3456M
5678901234,Mohan Lama,1994-05-05,Krishna Raj Lama,Male,VWXYZ7890N
6789012345,Radha Magar,1995-06-06,Narayan Kumar Magar,Female,ABCD1234PQ
7890123456,Krishna Rai,1996-07-07,Govinda Bahadur Rai,Male,EFGH5678RS
8901234567,Sarita Sherpa,1997-08-08,Shiva Narayan Sherpa,Female,TUVW9012XY
9012345678,Bikash Karki,1998-09-09,Bhagirath Bahadur Karki,Male,ZABC3456DE
0123456789,Nisha Bhandari,1999-10-10,Surya Bahadur Bhandari,Female,FGHI7890JK
1234567800,Aarav Adhikari,2000-11-11,Rajan Bahadur Adhikari,Male,LMNO1234PL
2345678902,Sneha Joshi,2001-12-12,Ramesh Bahadur Joshi,Female,QRST5678UM
3456789013,Pratik Shahi,1989-01-13,Suresh Kumar Shahi,Male,VWXY9012NZ
4567890124,Anju Bhattarai,1988-02-14,Dinesh Raj Bhattarai,Female,ABCD3456OP
5678901235,Manish Maharjan,1987-03-15,Bijay Bahadur Maharjan,Male,EFGH7890QR
6789012346,Puja KC,1986-04-16,Ramesh Bahadur KC,Female,STUV1234WX
7890123457,Anil Khadka,1985-05-17,Rajesh Bahadur Khadka,Male,YZAB5678CD
8901234568,Rita Rimal,1984-06-18,Ganesh Bahadur Rimal,Female,EFGH9012EF
9012345679,Pratiksha Dahal,1983-07-19,Santosh Bahadur Dahal,Female,IJKL3456GH
0123456790,Dipesh Pokharel,1982-08-20,Shyam Sundar Pokharel,Male,MNOP7890IJ