License Number,Blood Group,Citizenship Number,Electricity Bill ID,SC Number,votersID,Age,Spouse Name,PAN Number,Customer Code,National Id,Mother Name,Gender,Name,Mobile Number,Father Name,Permanent Address,Temporary Address,Date of Birth,Updated Date,uid
82-09-81734599,B-,033-51347-62581/380746,3250.0,001.01.06,66698214.0,41.0,Pemba Gurung,ABCD1234PQ,67698214.0,PQ678R,Nima Gurung, Female,Radha Magar,6789012345.0,Narayan Kumar Magar,"Butwal, Rupandehi, Nepal","Chabahil, Kathmandu, Nepal",1995-06-06,2024-05-30,13JBZ51OKZ
14-11-40056582,A+,864-17331-40021/961722,3249.0,001.01.05,55562139.0,27.0,Sarita Karki,VWXYZ7890N,56562139.0,MN345O,Kalpana Karki, Male,Mohan Lama,5678901234.0,Krishna Raj Lama,"Bharatpur, Chitwan, Nepal","Balkumari, Lalitpur, Nepal",1994-05-05,2024-05-30,3LYFB4XURP
68-01-80388982,B-,406-94259-70142/249811,3253.0,001.01.09,99953421.0,43.0,Pema Tamang,ZABC3456DE,91953421.0,YZ567A,Lhamu Tamang, Male,Bikash Karki,9012345678.0,Bhagirath Bahadur Karki,"Nepalgunj, Banke, Nepal","Boudha, Kathmandu, Nepal",1998-09-09,2024-05-30,3TYF13QGBE
26-03-50185868,AB+,068-37653-84341/852787,3251.0,001.01.07,77714635.0,36.0,Laxmi Shrestha,EFGH5678RS,78714635.0,ST901U,Saru Shrestha, Male,Krishna Rai,7890123456.0,Govinda Bahadur Rai,"Hetauda, Makwanpur, Nepal","Kumaripati, Lalitpur, Nepal",1996-07-07,2024-05-30,502TXME1KT
15-05-58353205,AB+,624-93227-32431/660086,3245.0,001.01.01,11116874.0,45.0,Sita Thapa,ABCDE1234F,21216874.0,AB123C,Laxmi Thapa, Male,Ram Thapa,1234567890.0,Ram Bahadur Thapa,"Baluwatar, Kathmandu, Nepal","Gongabu, Kathmandu, Nepal",1990-01-01,2024-05-30,9JJPGEZU0Z
42-08-02614125,A-,272-28301-42325/881177,3254.0,001.01.10,10103847.0,34.0,Manish KC,FGHI7890JK,10203847.0,BC890D,Lila KC, Female,Nisha Bhandari,123456789.0,Surya Bahadur Bhandari,"Dharan, Sunsari, Nepal","Kalanki, Kathmandu, Nepal",1999-10-10,2024-05-30,BF0VZL4L25
17-11-63791321,AB-,697-65333-88172/166613,3260.0,001.01.16,16169852.0,53.0,Radha Pant,STUV1234WX,16169853.0,TU678V,Laxmi Pant, Female,Puja KC,6789012346.0,Ramesh Bahadur KC,"Lalitpur, Lalitpur, Nepal","Jawalakhel, Lalitpur, Nepal",1986-04-16,2024-05-30,E71ABMV4K7
71-03-35575299,AB-,395-60019-88104/590785,3261.0,001.01.17,17175246.0,37.0,Amit Joshi,YZAB5678CD,17375246.0,WX901Y,Sarita Joshi, Male,Anil Khadka,7890123457.0,Rajesh Bahadur Khadka,"Ghorahi, Dang, Nepal","Maitighar, Kathmandu, Nepal",1985-05-17,2024-05-30,EF1WH45DSA
15-06-41273848,O+,575-80644-44438/883300,3255.0,001.01.11,11113982.0,39.0,Nisha Khadka,LMNO1234PL,12113982.0,EF123G,Chandra Khadka, Male,Aarav Adhikari,1234567800.0,Rajan Bahadur Adhikari,"Birtamode, Jhapa, Nepal","Sanepa, Lalitpur, Nepal",2000-11-11,2024-05-30,I1UUP779YM
28-09-97969690,AB+,697-25014-99353/663054,3263.0,001.01.19,19194258.0,46.0,Sanu Gurung,IJKL3456GH,19294258.0,CD567E,Manju Gurung, Male,Pratiksha Dahal,9012345679.0,Santosh Bahadur Dahal,"Bidur, Nuwakot, Nepal","Naxal, Kathmandu, Nepal",1983-07-19,2024-05-30,I4YK8742M4
68-10-56792613,B-,542-42953-82512/112038,3262.0,001.01.18,18183569.0,28.0,Anita Bhattarai,EFGH9012EF,18383569.0,ZA234B,Meena Bhattarai, Female,Rita Rimal,8901234568.0,Ganesh Bahadur Rimal,"Tansen, Palpa, Nepal","Buddhanagar, Kathmandu, Nepal",1984-06-18,2024-05-30,KE5J66GEH9
31-01-32329238,AB+,599-66155-86484/518801,3256.0,001.01.12,12122547.0,48.0,Kamal Magar,QRST5678UM,13122547.0,HI456J,Tulasa Magar, Female,Sneha Joshi,2345678902.0,Ramesh Bahadur Joshi,"Dhangadhi, Kailali, Nepal","Putalisadak, Kathmandu, Nepal",2001-12-12,2024-05-30,KHAMAUBAL9
65-03-68139881,A-,571-38785-99733/440035,3248.0,001.01.04,44475489.0,30.0,Surya Rai,QRSTU3456M,45475489.0,JK012L,Mina Rai, Female,Gita Tamang,4567890123.0,Shyam Lal Tamang,"Biratnagar, Morang, Nepal","Bagbazar, Kathmandu, Nepal",1993-04-04,2024-05-30,L6R5RMOALW
94-08-09289547,AB-,506-21915-16175/214975,3258.0,001.01.14,14147652.0,29.0,Mina Bista,ABCD3456OP,14247652.0,NO012P,Sunita Bista, Female,Anju Bhattarai,4567890124.0,Dinesh Raj Bhattarai,"Bhaktapur, Bhaktapur, Nepal","Sinamangal, Kathmandu, Nepal",1988-02-14,2024-05-30,OZJSH9LRFT
98-03-72394228,A-,323-37869-95909/623481,3252.0,001.01.08,88847326.0,50.0,Raj Maharjan,TUVW9012XY,89847326.0,VW234X,Nanu Maharjan, Female,Sarita Sherpa,8901234567.0,Shiva Narayan Sherpa,"Janakpur, Dhanusa, Nepal","New Baneshwor, Kathmandu, Nepal",1997-08-08,2024-05-30,SNPS0IFU4A
73-02-11496212,O-,371-38746-28131/634277,3257.0,001.01.13,13135698.0,31.0,Sita Yadav,VWXY9012NZ,13235698.0,KL789M,Ganga Yadav, Male,Pratik Shahi,3456789013.0,Suresh Kumar Shahi,"Itahari, Sunsari, Nepal","Tinkune, Kathmandu, Nepal",1989-01-13,2024-05-30,SOH7EGSK4A
21-08-00435579,AB-,747-42087-31417/584714,3246.0,001.01.02,22259363.0,38.0,Ravi Sharma,FGHIJ5678K,22359363.0,DE456F,Radha Sharma, Female,Sita Shrestha,2345678901.0,Hari Prasad Shrestha,"Lakeside, Pokhara, Nepal","New Road, Pokhara, Nepal",1991-02-02,2024-05-30,XUA3379XYF
93-12-35351480,B-,389-45382-93886/821590,3247.0,001.01.03,33385241.0,52.0,Maya Adhikari,LMNOP9012L,33485241.0,GH789I,Gita Adhikari, Male,Hari Gurung,3456789012.0,Gopal Krishna Gurung,"Chitwan National Park, Chitwan, Nepal","Pulchowk, Lalitpur, Nepal",1992-03-03,2024-05-30,YNLT2KGBC9
98-09-16879291,B+,157-92240-30969/930555,3259.0,001.01.15,15158963.0,44.0,Ram Dhakal,EFGH7890QR,15158964.0,QR345S,Gita Dhakal, Male,Manish Maharjan,5678901235.0,Bijay Bahadur Maharjan,"Kirtipur, Kathmandu, Nepal","Thamel, Kathmandu, Nepal",1987-03-15,2024-05-30,Z9GVCXYY37
89-04-95690392,A-,769-44973-94012/456699,3264.0,001.01.20,20205417.0,40.0,Hari Lama,MNOP7890IJ,20305417.0,FG890H,Rita Lama, Female,Dipesh Pokharel,123456790.0,Shyam Sundar Pokharel,"Damak, Jhapa, Nepal","Gaushala, Kathmandu, Nepal",1982-08-20,2024-05-30,ZI0Z6YAS09
,,,1111.0,999.99.99,,,,,,,,,Bishesh Kafle,9866347046.0,Keshab Kafle,,,2002-12-10,,1O1YES39MS
